{"cameraMode":{"drawMode":0,"name":"Shaded","section":"Shading Mode"},"sceneLighting":true,"audioPlay":false,"sceneViewState":{"m_AlwaysRefresh":false,"showFog":true,"showSkybox":true,"showFlares":true,"showImageEffects":true,"showParticleSystems":true,"showVisualEffectGraphs":true,"m_FxEnabled":true},"in2DMode":false,"pivot":{"x":7.757336616516113,"y":11.236125946044922,"z":27.89801025390625},"rotation":{"x":0.22000093758106233,"y":0.06463082879781723,"z":-0.014564521610736847,"w":0.9732574820518494},"size":23.464054107666017,"orthographic":true}