{"cameraMode":{"drawMode":0,"name":"Shaded","section":"Shading Mode"},"sceneLighting":true,"audioPlay":false,"sceneViewState":{"m_AlwaysRefresh":false,"showFog":true,"showSkybox":true,"showFlares":true,"showImageEffects":true,"showParticleSystems":true,"showVisualEffectGraphs":true,"m_FxEnabled":true},"in2DMode":false,"pivot":{"x":-3.8486804962158205,"y":9.285844802856446,"z":24.102262496948243},"rotation":{"x":0.1378491222858429,"y":-0.016039201989769937,"z":0.002277471125125885,"w":0.9903314709663391},"size":12.12435531616211,"orthographic":true}